{
  "theta_rad": 0.5235983072493566,
  "theta_deg": 29.999973165582272,
  "M": 0.02999999500640267,
  "X": 54.99999956772164,
  "scores": {
    "L1_curve": 1.1696697718629439,
    "L1_local": 1.8792505183662378e-06
  }
}